d3_q4,time,stage,surv,surv_lci,surv_uci
1,0,1,1,1,1
1,.05,1,.99878912,.9967167,.9995537
1,.1,1,.99643213,.9925722,.9982879
1,.15,1,.99359925,.9878917,.996621
1,.2,1,.99056504,.9829046,.9948019
1,.25,1,.98747005,.9778023,.9929423
1,.3,1,.98439269,.9727234,.9910925
1,.35,1,.9813784,.9677592,.9892763
1,.4,1,.97845371,.9629659,.9875063
1,.45,1,.97563371,.9583747,.9857895
1,.5,1,.97292635,.9539998,.9841302
1,.55,1,.97033238,.9498388,.9825299
1,.6,1,.96784365,.9458702,.9809864
1,.65,1,.965451,.9420719,.9794968
1,.7,1,.96314581,.9384237,.9780578
1,.75,1,.96092018,.9349084,.9766662
1,.8,1,.95876694,.9315115,.9753188
1,.85,1,.95667963,.9282203,.9740124
1,.9,1,.95465246,.9250244,.9727439
1,.95,1,.95268022,.9219148,.9715103
1,1,1,.95075824,.9188837,.9703088
1,1.05,1,.94888233,.9159248,.9691367
1,1.1,1,.94704873,.9130325,.9679916
1,1.15,1,.94525405,.9102017,.9668711
1,1.2,1,.94349522,.9074282,.9657732
1,1.25,1,.94176948,.9047083,.9646959
1,1.3,1,.94007431,.9020386,.9636372
1,1.35,1,.93840744,.8994159,.9625957
1,1.4,1,.93676681,.8968377,.9615698
1,1.45,1,.93515052,.8943012,.9605581
1,1.5,1,.93355685,.8918042,.9595594
1,1.55,1,.93198423,.8893446,.9585726
1,1.6,1,.9304312,.8869203,.9575967
1,1.65,1,.92889654,.8845294,.9566307
1,1.7,1,.92737944,.8821707,.9556743
1,1.75,1,.92587925,.8798429,.9547271
1,1.8,1,.92439536,.8775448,.9537887
1,1.85,1,.92292719,.8752753,.9528589
1,1.9,1,.92147419,.8730332,.9519375
1,1.95,1,.92003584,.8708174,.9510242
1,2,1,.91861167,.868627,.9501188
1,2.05,1,.91720122,.8664607,.9492211
1,2.1,1,.91580405,.8643179,.9483311
1,2.15,1,.91441976,.8621974,.9474484
1,2.2,1,.91304796,.8600984,.9465731
1,2.25,1,.91168828,.8580201,.9457049
1,2.3,1,.91034038,.8559616,.9448436
1,2.35,1,.90900392,.8539222,.9439894
1,2.4,1,.90767857,.8519012,.943142
1,2.45,1,.90636405,.8498978,.9423012
1,2.5,1,.90506006,.8479115,.9414671
1,2.55,1,.90376634,.8459415,.9406395
1,2.6,1,.90248261,.8439873,.9398183
1,2.65,1,.90120862,.8420482,.9390035
1,2.7,1,.89994414,.8401239,.9381949
1,2.75,1,.89868893,.8382137,.9373924
1,2.8,1,.89744278,.8363172,.936596
1,2.85,1,.89620547,.8344339,.9358057
1,2.9,1,.89497679,.8325632,.9350213
1,2.95,1,.89375656,.8307049,.9342428
1,3,1,.89254458,.8288586,.93347
1,3.05,1,.89134068,.8270238,.932703
1,3.1,1,.89014468,.8252002,.9319415
1,3.15,1,.88895641,.8233874,.9311857
1,3.2,1,.88777571,.8215851,.9304354
1,3.25,1,.88660243,.819793,.9296904
1,3.3,1,.88543641,.8180108,.9289509
1,3.35,1,.88427752,.8162382,.9282166
1,3.4,1,.88312559,.814475,.9274876
1,3.45,1,.88198052,.8127208,.9267638
1,3.5,1,.88084216,.8109756,.926045
1,3.55,1,.87971039,.8092389,.9253313
1,3.6,1,.87858509,.8075106,.9246226
1,3.65,1,.87746612,.8057904,.9239187
1,3.7,1,.87635339,.8040783,.9232197
1,3.75,1,.87524679,.8023739,.9225256
1,3.8,1,.87414619,.8006771,.9218361
1,3.85,1,.8730515,.7989878,.9211513
1,3.9,1,.87196262,.7973057,.9204711
1,3.95,1,.87087945,.7956308,.9197955
1,4,1,.86980189,.7939627,.9191244
1,4.05,1,.86872985,.7923015,.9184576
1,4.1,1,.86766324,.790647,.9177953
1,4.15,1,.86660197,.788999,.9171373
1,4.2,1,.86554597,.7873573,.9164835
1,4.25,1,.86449513,.785722,.915834
1,4.3,1,.86344939,.7840929,.9151885
1,4.35,1,.86240867,.7824698,.9145472
1,4.4,1,.86137288,.7808527,.91391
1,4.45,1,.86034196,.7792415,.9132767
1,4.5,1,.85931583,.777636,.9126474
1,4.55,1,.85829443,.7760362,.9120219
1,4.6,1,.85727768,.774442,.9114003
1,4.65,1,.85626551,.7728533,.9107825
1,4.7,1,.85525788,.77127,.9101683
1,4.75,1,.85425469,.769692,.9095579
1,4.8,1,.8532559,.7681193,.9089512
1,4.85,1,.85226145,.7665519,.908348
1,4.9,1,.85127127,.7649896,.9077483
1,4.95,1,.85028532,.7634323,.9071522
1,5,1,.84930353,.76188,.9065595
2,0,1,1,1,1
2,.05,1,.99955595,.9987147,.9998466
2,.1,1,.99869062,.9969962,.9994295
2,.15,1,.99764886,.9950098,.998893
2,.2,1,.99653097,.9928746,.9983127
2,.25,1,.99538845,.9906806,.9977208
2,.3,1,.99425019,.9884899,.9971319
2,.35,1,.99313307,.9863423,.9965533
2,.4,1,.99204708,.9842623,.9959888
2,.45,1,.99099801,.9822642,.9954409
2,.5,1,.98998903,.9803548,.9949108
2,.55,1,.98902065,.9785339,.994399
2,.6,1,.98809001,.9767932,.9939048
2,.65,1,.98719387,.9751236,.9934272
2,.7,1,.98632915,.9735169,.9929653
2,.75,1,.98549303,.971966,.992518
2,.8,1,.98468294,.9704646,.9920844
2,.85,1,.98389656,.9690077,.9916634
2,.9,1,.98313179,.9675905,.9912542
2,.95,1,.98238675,.9662091,.9908558
2,1,1,.98165976,.9648604,.9904673
2,1.05,1,.98094931,.9635413,.990088
2,1.1,1,.98025401,.9622494,.9897172
2,1.15,1,.97957264,.9609824,.9893543
2,1.2,1,.97890409,.9597386,.9889984
2,1.25,1,.97824735,.9585161,.988649
2,1.3,1,.9776015,.9573134,.9883057
2,1.35,1,.97696572,.956129,.9879679
2,1.4,1,.97633924,.9549619,.9876351
2,1.45,1,.97572138,.9538109,.9873071
2,1.5,1,.9751115,.9526747,.9869833
2,1.55,1,.97450903,.9515527,.9866635
2,1.6,1,.97391343,.9504437,.9863473
2,1.65,1,.97332426,.9493471,.9860345
2,1.7,1,.97274123,.9482624,.9857249
2,1.75,1,.9721641,.947189,.9854184
2,1.8,1,.97159265,.9461266,.9851149
2,1.85,1,.97102669,.9450747,.9848143
2,1.9,1,.97046601,.944033,.9845165
2,1.95,1,.96991044,.943001,.9842214
2,2,1,.9693598,.9419784,.9839289
2,2.05,1,.96881393,.9409648,.983639
2,2.1,1,.96827268,.9399597,.9833516
2,2.15,1,.9677359,.9389631,.9830666
2,2.2,1,.96720346,.9379743,.982784
2,2.25,1,.96667522,.9369933,.9825038
2,2.3,1,.96615106,.9360197,.9822258
2,2.35,1,.96563086,.9350532,.9819501
2,2.4,1,.96511452,.9340936,.9816766
2,2.45,1,.96460192,.9331405,.9814052
2,2.5,1,.96409296,.9321938,.9811359
2,2.55,1,.96358755,.9312533,.9808687
2,2.6,1,.96308558,.9303186,.9806035
2,2.65,1,.96258698,.9293897,.9803404
2,2.7,1,.96209166,.9284662,.9800791
2,2.75,1,.96159954,.9275481,.9798198
2,2.8,1,.96111054,.926635,.9795625
2,2.85,1,.96062458,.925727,.979307
2,2.9,1,.96014159,.9248237,.9790533
2,2.95,1,.9596615,.9239251,.9788015
2,3,1,.95918425,.923031,.9785514
2,3.05,1,.95870978,.9221412,.9783031
2,3.1,1,.95823801,.9212556,.9780565
2,3.15,1,.9577689,.9203741,.9778116
2,3.2,1,.95730238,.9194966,.9775684
2,3.25,1,.9568384,.9186229,.9773268
2,3.3,1,.95637691,.917753,.9770869
2,3.35,1,.95591786,.9168866,.9768485
2,3.4,1,.95546119,.9160239,.9766118
2,3.45,1,.95500687,.9151645,.9763766
2,3.5,1,.95455483,.9143084,.9761429
2,3.55,1,.95410505,.9134556,.9759108
2,3.6,1,.95365747,.912606,.9756801
2,3.65,1,.95321206,.9117594,.9754509
2,3.7,1,.95276877,.9109159,.9752231
2,3.75,1,.95232756,.9100753,.9749968
2,3.8,1,.9518884,.9092375,.9747719
2,3.85,1,.95145125,.9084026,.9745483
2,3.9,1,.95101607,.9075703,.9743261
2,3.95,1,.95058284,.9067407,.9741053
2,4,1,.95015151,.9059138,.9738858
2,4.05,1,.94972205,.9050894,.9736676
2,4.1,1,.94929444,.9042674,.9734506
2,4.15,1,.94886864,.9034479,.973235
2,4.2,1,.94844462,.9026309,.9730206
2,4.25,1,.94802235,.9018161,.9728074
2,4.3,1,.9476018,.9010037,.9725955
2,4.35,1,.94718296,.9001935,.9723847
2,4.4,1,.94676578,.8993855,.9721751
2,4.45,1,.94635024,.8985797,.9719667
2,4.5,1,.94593633,.8977761,.9717594
2,4.55,1,.945524,.8969745,.9715533
2,4.6,1,.94511325,.896175,.9713483
2,4.65,1,.94470405,.8953775,.9711444
2,4.7,1,.94429637,.8945821,.9709415
2,4.75,1,.94389019,.8937886,.9707398
2,4.8,1,.94348548,.892997,.9705391
2,4.85,1,.94308224,.8922073,.9703395
2,4.9,1,.94268044,.8914195,.9701408
2,4.95,1,.94228005,.8906336,.9699432
2,5,1,.94188106,.8898495,.9697466
3,0,1,1,1,1
3,.05,1,.99941051,.9981184,.9998154
3,.1,1,.99826202,.9957376,.9992919
3,.15,1,.9968798,.9930897,.9985926
3,.2,1,.99539709,.9903077,.997817
3,.25,1,.99388228,.987486,.9970142
3,.3,1,.99237368,.984688,.996209
3,.35,1,.99089366,.9819542,.995415
3,.4,1,.98945539,.9793085,.9946399
3,.45,1,.98806651,.9767643,.9938883
3,.5,1,.98673117,.9743272,.993163
3,.55,1,.98544997,.9719955,.9924654
3,.6,1,.98421909,.9697589,.9917941
3,.65,1,.9830342,.9676069,.9911477
3,.7,1,.9818912,.96553,.9905245
3,.75,1,.98078631,.96352,.9899229
3,.8,1,.9797161,.96157,.9893411
3,.85,1,.97867749,.9596741,.9887778
3,.9,1,.97766769,.9578273,.9882311
3,.95,1,.97668419,.9560252,.9876999
3,1,1,.97572475,.9542642,.9871827
3,1.05,1,.97478735,.9525412,.9866782
3,1.1,1,.97387017,.9508532,.9861854
3,1.15,1,.97297158,.949198,.9857032
3,1.2,1,.97209008,.9475734,.9852306
3,1.25,1,.97122435,.9459776,.9847667
3,1.3,1,.97037316,.9444087,.9843107
3,1.35,1,.96953542,.9428653,.9838619
3,1.4,1,.96871011,.941346,.9834196
3,1.45,1,.96789632,.9398494,.9829832
3,1.5,1,.96709322,.9383744,.982552
3,1.55,1,.96630003,.9369199,.9821257
3,1.6,1,.96551605,.9354848,.9817037
3,1.65,1,.96474068,.9340681,.9812858
3,1.7,1,.96397354,.9326692,.9808716
3,1.75,1,.96321431,.9312873,.980461
3,1.8,1,.96246272,.9299217,.980054
3,1.85,1,.96171847,.9285719,.9796503
3,1.9,1,.96098131,.9272373,.97925
3,1.95,1,.960251,.9259171,.9788529
3,2,1,.95952732,.9246109,.9784589
3,2.05,1,.95881003,.923318,.9780681
3,2.1,1,.95809895,.922038,.9776801
3,2.15,1,.95739386,.9207704,.9772952
3,2.2,1,.9566946,.9195147,.976913
3,2.25,1,.95600099,.9182703,.9765337
3,2.3,1,.95531285,.917037,.9761571
3,2.35,1,.95463004,.9158142,.9757832
3,2.4,1,.9539524,.9146016,.975412
3,2.45,1,.9532798,.9133989,.9750434
3,2.5,1,.95261209,.9122055,.9746774
3,2.55,1,.95194915,.9110212,.974314
3,2.6,1,.95129084,.9098457,.9739529
3,2.65,1,.95063706,.9086786,.9735944
3,2.7,1,.94998768,.9075197,.9732383
3,2.75,1,.94934261,.9063687,.9728847
3,2.8,1,.94870173,.9052252,.9725333
3,2.85,1,.94806495,.9040891,.9721843
3,2.9,1,.94743216,.9029601,.9718375
3,2.95,1,.94680328,.9018379,.9714931
3,3,1,.94617822,.9007224,.9711508
3,3.05,1,.94555689,.8996133,.9708108
3,3.1,1,.94493921,.8985105,.9704729
3,3.15,1,.9443251,.8974137,.9701372
3,3.2,1,.94371449,.8963227,.9698036
3,3.25,1,.9431073,.8952373,.9694721
3,3.3,1,.94250347,.8941575,.9691427
3,3.35,1,.94190291,.8930831,.9688153
3,3.4,1,.94130557,.8920138,.9684898
3,3.45,1,.94071138,.8909495,.9681664
3,3.5,1,.94012029,.8898903,.967845
3,3.55,1,.93953223,.8888357,.9675255
3,3.6,1,.93894714,.8877857,.9672078
3,3.65,1,.93836496,.8867403,.9668921
3,3.7,1,.93778566,.8856993,.9665783
3,3.75,1,.93720916,.8846626,.9662663
3,3.8,1,.93663543,.8836301,.9659561
3,3.85,1,.93606441,.8826017,.9656477
3,3.9,1,.93549605,.8815772,.9653411
3,3.95,1,.93493031,.8805566,.9650362
3,4,1,.93436714,.8795398,.9647331
3,4.05,1,.9338065,.8785268,.9644316
3,4.1,1,.93324835,.8775173,.9641319
3,4.15,1,.93269265,.8765115,.9638338
3,4.2,1,.93213935,.8755091,.9635373
3,4.25,1,.93158842,.8745101,.9632425
3,4.3,1,.93103982,.8735144,.9629493
3,4.35,1,.93049351,.8725221,.9626577
3,4.4,1,.92994946,.8715329,.9623676
3,4.45,1,.92940763,.8705468,.9620791
3,4.5,1,.92886799,.8695638,.9617921
3,4.55,1,.9283305,.8685839,.9615066
3,4.6,1,.92779514,.8676069,.9612226
3,4.65,1,.92726186,.8666329,.96094
3,4.7,1,.92673065,.8656617,.9606589
3,4.75,1,.92620147,.8646933,.9603792
3,4.8,1,.92567429,.8637277,.960101
3,4.85,1,.92514908,.8627649,.9598241
3,4.9,1,.92462582,.8618047,.9595487
3,4.95,1,.92410448,.8608472,.9592746
3,5,1,.92358503,.8598922,.9590018
4,0,1,1,1,1
4,.05,1,.99960576,.9987634,.9998744
4,.1,1,.99883744,.9970348,.9995444
4,.15,1,.99791237,.9950178,.999126
4,.2,1,.99691958,.9928507,.9986743
4,.25,1,.99590479,.9906298,.9982129
4,.3,1,.99489365,.9884184,.9977527
4,.35,1,.99390117,.9862562,.9972994
4,.4,1,.99293622,.9841672,.9968562
4,.45,1,.99200396,.9821649,.996425
4,.5,1,.99110723,.9802558,.9960068
4,.55,1,.99024648,.9784392,.9956023
4,.6,1,.98941919,.9767059,.9952108
4,.65,1,.98862248,.9750464,.994832
4,.7,1,.98785363,.9734519,.9944649
4,.75,1,.98711014,.9719147,.994109
4,.8,1,.98638973,.9704283,.9937635
4,.85,1,.98569034,.9689871,.9934278
4,.9,1,.9850101,.9675862,.9931011
4,.95,1,.98434737,.9662213,.9927829
4,1,1,.98370063,.9648889,.9924726
4,1.05,1,.98306855,.963586,.9921695
4,1.1,1,.9824499,.9623097,.9918732
4,1.15,1,.98184361,.9610577,.9915831
4,1.2,1,.98124867,.9598278,.9912989
4,1.25,1,.98066419,.9586183,.9910199
4,1.3,1,.98008937,.9574276,.990746
4,1.35,1,.97952346,.9562539,.9904766
4,1.4,1,.9789658,.9550962,.9902115
4,1.45,1,.97841576,.9539531,.9899505
4,1.5,1,.9778728,.9528236,.989693
4,1.55,1,.97733639,.9517067,.9894391
4,1.6,1,.97680606,.9506013,.9891883
4,1.65,1,.97628142,.9495067,.9889406
4,1.7,1,.97576221,.9484225,.9886957
4,1.75,1,.97524823,.9473482,.9884535
4,1.8,1,.97473927,.9462836,.988214
4,1.85,1,.97423517,.9452282,.987977
4,1.9,1,.97373573,.9441817,.9877425
4,1.95,1,.97324082,.9431438,.9875105
4,2,1,.97275026,.9421142,.9872807
4,2.05,1,.97226393,.9410926,.9870532
4,2.1,1,.97178168,.9400787,.9868279
4,2.15,1,.97130338,.9390721,.9866046
4,2.2,1,.97082892,.9380727,.9863834
4,2.25,1,.97035818,.9370802,.9861643
4,2.3,1,.96989104,.9360943,.9859471
4,2.35,1,.96942741,.9351148,.9857319
4,2.4,1,.96896718,.9341415,.9855185
4,2.45,1,.96851026,.9331742,.985307
4,2.5,1,.96805656,.9322126,.9850973
4,2.55,1,.967606,.9312566,.9848893
4,2.6,1,.96715848,.930306,.984683
4,2.65,1,.96671394,.9293606,.9844785
4,2.7,1,.9662723,.9284202,.9842755
4,2.75,1,.96583348,.9274848,.9840742
4,2.8,1,.96539741,.9265541,.9838745
4,2.85,1,.96496404,.9256279,.9836763
4,2.9,1,.96453329,.9247063,.9834797
4,2.95,1,.96410511,.923789,.9832845
4,3,1,.96367943,.9228758,.9830908
4,3.05,1,.96325621,.9219667,.9828986
4,3.1,1,.96283537,.9210616,.9827077
4,3.15,1,.96241688,.9201604,.9825183
4,3.2,1,.96200069,.9192629,.9823302
4,3.25,1,.96158674,.9183691,.9821435
4,3.3,1,.96117498,.9174788,.981958
4,3.35,1,.96076538,.916592,.9817739
4,3.4,1,.96035788,.9157086,.981591
4,3.45,1,.95995245,.9148285,.9814095
4,3.5,1,.95954904,.9139516,.9812291
4,3.55,1,.95914763,.9130778,.9810499
4,3.6,1,.95874815,.9122071,.9808719
4,3.65,1,.95835059,.9113395,.9806951
4,3.7,1,.95795491,.9104747,.9805195
4,3.75,1,.95756106,.9096128,.9803449
4,3.8,1,.95716902,.9087538,.9801715
4,3.85,1,.95677875,.9078975,.9799991
4,3.9,1,.95639023,.9070439,.9798279
4,3.95,1,.95600342,.9061929,.9796577
4,4,1,.95561829,.9053445,.9794886
4,4.05,1,.95523481,.9044988,.9793204
4,4.1,1,.95485297,.9036555,.9791533
4,4.15,1,.95447271,.9028146,.9789871
4,4.2,1,.95409404,.9019762,.978822
4,4.25,1,.9537169,.9011401,.9786578
4,4.3,1,.95334129,.9003063,.9784945
4,4.35,1,.95296717,.8994749,.9783322
4,4.4,1,.95259453,.8986457,.9781708
4,4.45,1,.95222334,.8978187,.9780103
4,4.5,1,.95185357,.8969939,.9778507
4,4.55,1,.95148521,.8961713,.9776919
4,4.6,1,.95111824,.8953508,.977534
4,4.65,1,.95075263,.8945324,.977377
4,4.7,1,.95038836,.893716,.9772208
4,4.75,1,.95002542,.8929017,.9770654
4,4.8,1,.94966378,.8920894,.9769108
4,4.85,1,.94930343,.891279,.9767571
4,4.9,1,.94894434,.8904706,.9766041
4,4.95,1,.94858651,.8896642,.9764519
4,5,1,.94822991,.8888597,.9763004
1,0,2,1,1,1
1,.05,2,.99692419,.990817,.9989719
1,.1,2,.99095359,.9784762,.9962118
1,.15,2,.98380627,.9643495,.9926843
1,.2,2,.97618577,.9493797,.9888791
1,.25,2,.96844962,.9342338,.9850057
1,.3,2,.96079454,.9193414,.9811593
1,.35,2,.95333206,.9049606,.9773877
1,.4,2,.94612511,.8912343,.9737163
1,.45,2,.93920753,.87823,.9701597
1,.5,2,.9325952,.8659678,.9667263
1,.55,2,.92628638,.8544225,.9634186
1,.6,2,.92025795,.8435185,.9602313
1,.65,2,.91448474,.8331802,.9571577
1,.7,2,.90894338,.8233415,.9541908
1,.75,2,.90361265,.8139451,.9513236
1,.8,2,.8984734,.8049422,.9485493
1,.85,2,.89350848,.7962912,.9458614
1,.9,2,.88870257,.7879568,.9432533
1,.95,2,.88404197,.7799087,.9407193
1,1,2,.87951444,.7721207,.9382536
1,1.05,2,.87510905,.7645704,.935851
1,1.1,2,.87081596,.7572384,.9335067
1,1.15,2,.86662639,.7501076,.931216
1,1.2,2,.86253239,.743163,.9289749
1,1.25,2,.85852685,.7363914,.9267794
1,1.3,2,.85460328,.7297809,.9246263
1,1.35,2,.85075584,.7233209,.9225121
1,1.4,2,.84697923,.7170019,.9204339
1,1.45,2,.84326862,.710815,.9183891
1,1.5,2,.83961962,.7047526,.9163753
1,1.55,2,.83602821,.6988072,.9143902
1,1.6,2,.83249071,.6929722,.9124318
1,1.65,2,.82900397,.6872418,.9104985
1,1.7,2,.82556587,.6816117,.908589
1,1.75,2,.82217462,.6760784,.9067025
1,1.8,2,.81882854,.6706381,.9048381
1,1.85,2,.81552603,.6652876,.9029952
1,1.9,2,.81226562,.6600235,.9011731
1,1.95,2,.8090459,.6548427,.899371
1,2,2,.80586555,.6497422,.8975884
1,2.05,2,.80272333,.6447193,.8958249
1,2.1,2,.79961804,.6397712,.8940799
1,2.15,2,.79654856,.6348953,.8923529
1,2.2,2,.79351385,.6300892,.8906435
1,2.25,2,.79051289,.6253505,.8889513
1,2.3,2,.78754472,.6206772,.8872759
1,2.35,2,.78460842,.616067,.8856168
1,2.4,2,.78170312,.6115179,.8839739
1,2.45,2,.77882801,.6070281,.8823466
1,2.5,2,.77598229,.6025958,.8807348
1,2.55,2,.7731652,.5982192,.8791381
1,2.6,2,.77037602,.5938967,.8775562
1,2.65,2,.76761404,.5896267,.8759888
1,2.7,2,.76487863,.5854078,.8744356
1,2.75,2,.76216914,.5812385,.8728964
1,2.8,2,.75948497,.5771175,.8713709
1,2.85,2,.75682551,.5730435,.8698589
1,2.9,2,.75419021,.5690153,.8683601
1,2.95,2,.75157855,.5650318,.8668743
1,3,2,.74899,.5610917,.8654013
1,3.05,2,.74642405,.5571941,.8639408
1,3.1,2,.74388023,.5533379,.8624927
1,3.15,2,.74135806,.5495221,.8610566
1,3.2,2,.73885711,.5457458,.8596325
1,3.25,2,.73637695,.5420082,.8582201
1,3.3,2,.73391716,.5383083,.8568192
1,3.35,2,.73147733,.5346454,.8554296
1,3.4,2,.72905707,.5310186,.8540512
1,3.45,2,.72665603,.5274273,.8526838
1,3.5,2,.72427382,.5238706,.8513271
1,3.55,2,.7219101,.520348,.8499811
1,3.6,2,.71956454,.5168586,.8486454
1,3.65,2,.71723677,.513402,.8473201
1,3.7,2,.71492652,.5099774,.8460049
1,3.75,2,.71263346,.5065843,.8446996
1,3.8,2,.71035729,.5032221,.8434041
1,3.85,2,.70809772,.4998903,.8421183
1,3.9,2,.70585446,.4965883,.8408419
1,3.95,2,.70362725,.4933157,.8395749
1,4,2,.70141582,.4900718,.8383171
1,4.05,2,.69921989,.4868563,.8370683
1,4.1,2,.69703925,.4836688,.8358285
1,4.15,2,.69487362,.4805086,.8345974
1,4.2,2,.69272279,.4773755,.833375
1,4.25,2,.69058649,.474269,.8321611
1,4.3,2,.68846453,.4711887,.8309556
1,4.35,2,.68635669,.4681343,.8297583
1,4.4,2,.68426273,.4651052,.8285692
1,4.45,2,.68218248,.4621012,.8273881
1,4.5,2,.68011569,.4591219,.8262149
1,4.55,2,.67806219,.4561671,.8250495
1,4.6,2,.67602181,.4532362,.8238918
1,4.65,2,.67399432,.4503291,.8227415
1,4.7,2,.67197958,.4474454,.8215988
1,4.75,2,.66997736,.4445848,.8204633
1,4.8,2,.66798752,.4417469,.8193351
1,4.85,2,.6660099,.4389316,.818214
1,4.9,2,.6640443,.4361385,.8170999
1,4.95,2,.6620906,.4333673,.8159928
1,5,2,.66014859,.4306178,.8148924
2,0,2,1,1,1
2,.05,2,.99369338,.9807616,.9979417
2,.1,2,.98150975,.9560542,.9922793
2,.15,2,.96702629,.928623,.9849331
2,.2,2,.95170563,.9001915,.9769669
2,.25,2,.93628086,.8719376,.9688623
2,.3,2,.92114497,.8445873,.9608444
2,.35,2,.90651172,.8185449,.9530253
2,.4,2,.89249363,.7940032,.9454635
2,.45,2,.8791438,.7710219,.9381899
2,.5,2,.86647953,.7495804,.931221
2,.55,2,.85448445,.7295886,.9245586
2,.6,2,.8431026,.7108855,.9181857
2,.65,2,.832276,.6933175,.9120824
2,.7,2,.82195173,.6767527,.9062291
2,.75,2,.81208227,.6610786,.9006068
2,.8,2,.80262523,.6462,.8951972
2,.85,2,.79354296,.632036,.8899831
2,.9,2,.78480207,.6185179,.8849486
2,.95,2,.77637289,.6055871,.8800786
2,1,2,.76822911,.5931928,.8753594
2,1.05,2,.7603473,.5812915,.8707782
2,1.1,2,.75270653,.5698449,.8663235
2,1.15,2,.74528818,.5588195,.8619847
2,1.2,2,.73807547,.5481855,.8577521
2,1.25,2,.73105341,.5379167,.8536168
2,1.3,2,.72420846,.5279894,.8495711
2,1.35,2,.71752839,.5183821,.8456075
2,1.4,2,.7110022,.5090758,.8417196
2,1.45,2,.70461984,.5000526,.8379014
2,1.5,2,.69837225,.4912966,.8341476
2,1.55,2,.69225114,.482793,.8304532
2,1.6,2,.68624892,.474528,.826814
2,1.65,2,.68035909,.4664894,.8232262
2,1.7,2,.67457691,.4586669,.8196877
2,1.75,2,.66889834,.4510513,.8161965
2,1.8,2,.66331953,.4436336,.8127512
2,1.85,2,.65783687,.4364055,.8093501
2,1.9,2,.65244701,.4293588,.8059919
2,1.95,2,.64714673,.4224861,.8026754
2,2,2,.64193304,.4157803,.7993995
2,2.05,2,.63680311,.4092346,.796163
2,2.1,2,.63175422,.4028426,.7929649
2,2.15,2,.62678381,.3965984,.7898043
2,2.2,2,.6218895,.3904962,.7866803
2,2.25,2,.61706898,.3845307,.783592
2,2.3,2,.61232007,.3786968,.7805387
2,2.35,2,.60764067,.3729896,.7775196
2,2.4,2,.60302879,.3674046,.7745339
2,2.45,2,.59848258,.3619374,.771581
2,2.5,2,.59400022,.356584,.7686602
2,2.55,2,.58957999,.3513404,.7657709
2,2.6,2,.58522024,.3462031,.7629124
2,2.65,2,.58091936,.3411683,.7600841
2,2.7,2,.5766759,.336233,.7572855
2,2.75,2,.57248839,.3313938,.7545161
2,2.8,2,.56835543,.3266478,.7517752
2,2.85,2,.56427569,.3219921,.7490624
2,2.9,2,.56024788,.317424,.7463772
2,2.95,2,.5562708,.3129408,.743719
2,3,2,.55234326,.30854,.7410874
2,3.05,2,.5484641,.3042195,.7384819
2,3.1,2,.54463224,.2999767,.7359022
2,3.15,2,.5408466,.2958096,.7333476
2,3.2,2,.53710619,.2917161,.7308178
2,3.25,2,.53341002,.2876942,.7283124
2,3.3,2,.52975714,.283742,.725831
2,3.35,2,.52614664,.2798578,.7233731
2,3.4,2,.5225776,.2760397,.7209384
2,3.45,2,.51904921,.2722861,.7185265
2,3.5,2,.51556063,.2685954,.716137
2,3.55,2,.51211105,.264966,.7137695
2,3.6,2,.5086997,.2613964,.7114238
2,3.65,2,.50532581,.2578853,.7090993
2,3.7,2,.50198869,.2544312,.7067958
2,3.75,2,.49868762,.2510329,.704513
2,3.8,2,.49542192,.247689,.7022505
2,3.85,2,.49219092,.2443984,.700008
2,3.9,2,.48899397,.2411598,.6977852
2,3.95,2,.48583047,.2379721,.6955817
2,4,2,.4826998,.2348341,.6933974
2,4.05,2,.47960136,.2317449,.6912318
2,4.1,2,.47653462,.2287035,.6890846
2,4.15,2,.47349897,.2257086,.6869557
2,4.2,2,.47049392,.2227596,.6848446
2,4.25,2,.4675189,.2198553,.6827512
2,4.3,2,.46457341,.2169949,.6806751
2,4.35,2,.46165699,.2141776,.6786162
2,4.4,2,.4587691,.2114024,.6765741
2,4.45,2,.45590933,.2086685,.6745485
2,4.5,2,.45307715,.2059752,.6725392
2,4.55,2,.45027215,.2033216,.6705461
2,4.6,2,.44749392,.2007071,.6685688
2,4.65,2,.44474198,.1981308,.6666071
2,4.7,2,.44201596,.1955921,.6646608
2,4.75,2,.43931541,.1930902,.6627296
2,4.8,2,.43663997,.1906245,.6608133
2,4.85,2,.43398927,.1881944,.6589118
2,4.9,2,.43136288,.1857992,.6570247
2,4.95,2,.42876049,.1834382,.6551519
2,5,2,.42618169,.1811109,.6532931
3,0,2,1,1,1
3,.05,2,.99748312,.9921869,.9991907
3,.1,2,.99259346,.9816839,.9970148
3,.15,2,.98673305,.9696519,.9942287
3,.2,2,.98047613,.9568658,.9912218
3,.25,2,.97411515,.9438722,.9881638
3,.3,2,.96781172,.9310271,.9851333
3,.35,2,.96165809,.9185488,.9821699
3,.4,2,.95570684,.9065622,.9792944
3,.45,2,.94998678,.8951313,.9765185
3,.5,2,.94451196,.8842803,.9738487
3,.55,2,.93928185,.8739964,.9712864
3,.6,2,.93427813,.8642267,.9688253
3,.65,2,.92948065,.8549163,.9664584
3,.7,2,.92487065,.8460163,.9641787
3,.75,2,.92043105,.8374843,.9619794
3,.8,2,.91614641,.8292834,.9598539
3,.85,2,.91200287,.821382,.9577962
3,.9,2,.90798805,.8137527,.9558006
3,.95,2,.90409084,.8063721,.9538618
3,1,2,.90030133,.7992197,.9519748
3,1.05,2,.89661063,.7922778,.9501353
3,1.1,2,.89301076,.7855306,.948339
3,1.15,2,.88949459,.7789644,.9465821
3,1.2,2,.88605563,.772567,.9448614
3,1.25,2,.8826881,.7663273,.9431734
3,1.3,2,.87938672,.7602357,.9415155
3,1.35,2,.87614671,.7542831,.939885
3,1.4,2,.87296376,.7484614,.9382796
3,1.45,2,.86983391,.7427633,.9366971
3,1.5,2,.86675359,.7371819,.9351355
3,1.55,2,.86371951,.731711,.9335931
3,1.6,2,.86072864,.7263446,.9320683
3,1.65,2,.85777844,.7210776,.9305598
3,1.7,2,.85486717,.7159058,.9290668
3,1.75,2,.85199342,.7108257,.9275888
3,1.8,2,.84915582,.7058335,.9261253
3,1.85,2,.84635311,.7009259,.9246758
3,1.9,2,.8435841,.6960996,.9232398
3,1.95,2,.84084765,.6913515,.9218171
3,2,2,.83814273,.6866787,.9204072
3,2.05,2,.83546833,.6820784,.9190099
3,2.1,2,.83282349,.6775479,.9176248
3,2.15,2,.83020731,.6730848,.9162516
3,2.2,2,.82761896,.6686865,.9148901
3,2.25,2,.82505763,.6643508,.9135401
3,2.3,2,.82252254,.6600756,.9122013
3,2.35,2,.82001296,.6558588,.9108734
3,2.4,2,.81752819,.6516984,.9095563
3,2.45,2,.81506759,.6475926,.9082499
3,2.5,2,.81263051,.6435397,.9069538
3,2.55,2,.81021635,.6395378,.9056679
3,2.6,2,.80782453,.6355855,.904392
3,2.65,2,.80545448,.6316812,.903126
3,2.7,2,.8031057,.6278235,.9018697
3,2.75,2,.80077767,.624011,.900623
3,2.8,2,.79846991,.6202423,.8993856
3,2.85,2,.79618194,.6165163,.8981575
3,2.9,2,.7939133,.6128317,.8969384
3,2.95,2,.79166359,.6091874,.8957284
3,3,2,.78943238,.6055824,.8945272
3,3.05,2,.78721927,.6020155,.8933346
3,3.1,2,.78502388,.5984858,.8921506
3,3.15,2,.78284582,.5949924,.8909751
3,3.2,2,.78068476,.5915343,.8898079
3,3.25,2,.77854035,.5881107,.8886489
3,3.3,2,.77641225,.5847207,.8874979
3,3.35,2,.77430014,.5813636,.8863549
3,3.4,2,.7722037,.5780385,.8852198
3,3.45,2,.77012266,.5747449,.8840923
3,3.5,2,.76805671,.5714819,.8829725
3,3.55,2,.76600556,.5682489,.8818603
3,3.6,2,.76396896,.5650452,.8807554
3,3.65,2,.76194663,.5618703,.8796579
3,3.7,2,.75993832,.5587236,.8785676
3,3.75,2,.7579438,.5556045,.8774844
3,3.8,2,.75596281,.5525123,.8764082
3,3.85,2,.75399512,.5494467,.875339
3,3.9,2,.7520405,.546407,.8742765
3,3.95,2,.75009876,.543393,.8732209
3,4,2,.74816966,.5404039,.8721718
3,4.05,2,.74625299,.5374394,.8711293
3,4.1,2,.74434859,.534499,.8700933
3,4.15,2,.74245621,.5315824,.8690637
3,4.2,2,.74057571,.5286891,.8680404
3,4.25,2,.73870686,.5258188,.8670232
3,4.3,2,.7368495,.522971,.8660123
3,4.35,2,.73500349,.5201454,.8650073
3,4.4,2,.7331686,.5173416,.8640084
3,4.45,2,.73134471,.5145592,.8630153
3,4.5,2,.72953163,.511798,.8620281
3,4.55,2,.72772921,.5090577,.8610466
3,4.6,2,.72593733,.5063379,.8600707
3,4.65,2,.72415578,.5036383,.8591005
3,4.7,2,.72238447,.5009586,.8581358
3,4.75,2,.72062322,.4982986,.8571765
3,4.8,2,.7188719,.4956579,.8562226
3,4.85,2,.7171304,.4930364,.855274
3,4.9,2,.71539855,.4904336,.8543307
3,4.95,2,.71367626,.4878495,.8533925
3,5,2,.71196336,.4852837,.8524595
4,0,2,1,1,1
4,.05,2,.99822146,.9941563,.9994594
4,.1,2,.99476244,.986034,.9980412
4,.15,2,.9906101,.976636,.9962422
4,.2,2,.9861688,.9666132,.9943037
4,.25,2,.98164511,.9564074,.9923297
4,.3,2,.97715378,.9463012,.9903694
4,.35,2,.9727609,.9364673,.988448
4,.4,2,.96850462,.9270055,.9865792
4,.45,2,.96440636,.9179683,.9847709
4,.5,2,.960477,.909377,.9830278
4,.55,2,.95671704,.901224,.9813508
4,.6,2,.95311406,.8934683,.9797367
4,.65,2,.94965427,.8860676,.9781811
4,.7,2,.94632474,.8789836,.9766799
4,.75,2,.94311367,.872183,.9752288
4,.8,2,.94001036,.865637,.9738243
4,.85,2,.9370052,.8593206,.9724623
4,.9,2,.93408956,.8532124,.9711396
4,.95,2,.93125572,.8472937,.9698528
4,1,2,.92849674,.8415483,.968599
4,1.05,2,.92580642,.8359622,.9673754
4,1.1,2,.92317919,.8305229,.9661795
4,1.15,2,.92061002,.8252196,.965009
4,1.2,2,.9180944,.8200427,.9638616
4,1.25,2,.91562824,.8149834,.9627356
4,1.3,2,.91320784,.810034,.961629
4,1.35,2,.91082984,.8051876,.9605402
4,1.4,2,.90849121,.8004377,.9594679
4,1.45,2,.90618915,.7957786,.9584106
4,1.5,2,.90392114,.791205,.957367
4,1.55,2,.90168486,.786712,.9563361
4,1.6,2,.89947818,.782295,.955317
4,1.65,2,.89729929,.7779501,.9543086
4,1.7,2,.895147,.7736744,.9533106
4,1.75,2,.89302033,.7694651,.9523225
4,1.8,2,.89091835,.7653199,.9513441
4,1.85,2,.88884018,.7612363,.950375
4,1.9,2,.88678502,.7572119,.9494147
4,1.95,2,.88475209,.7532447,.9484633
4,2,2,.88274066,.7493325,.9475204
4,2.05,2,.88075005,.7454734,.9465857
4,2.1,2,.8787796,.7416655,.945659
4,2.15,2,.8768287,.7379069,.9447402
4,2.2,2,.87489678,.7341959,.9438291
4,2.25,2,.87298327,.730531,.9429255
4,2.3,2,.87108765,.7269107,.9420291
4,2.35,2,.86920941,.7233332,.94114
4,2.4,2,.86734808,.7197974,.9402579
4,2.45,2,.86550322,.716302,.9393827
4,2.5,2,.86367438,.7128455,.9385142
4,2.55,2,.86186115,.7094269,.9376524
4,2.6,2,.86006313,.7060449,.9367971
4,2.65,2,.85827994,.7026985,.9359482
4,2.7,2,.85651123,.6993866,.9351055
4,2.75,2,.85475665,.6961083,.934269
4,2.8,2,.85301586,.6928626,.9334386
4,2.85,2,.85128854,.6896486,.9326141
4,2.9,2,.84957438,.6864654,.9317955
4,2.95,2,.8478731,.6833122,.9309826
4,3,2,.84618441,.6801882,.9301755
4,3.05,2,.84450803,.6770928,.9293739
4,3.1,2,.8428437,.6740251,.9285777
4,3.15,2,.84119117,.6709844,.927787
4,3.2,2,.8395502,.6679702,.9270017
4,3.25,2,.83792055,.6649818,.9262215
4,3.3,2,.83630199,.6620185,.9254465
4,3.35,2,.8346943,.65908,.9246766
4,3.4,2,.83309727,.6561654,.9239117
4,3.45,2,.83151071,.6532744,.9231517
4,3.5,2,.8299344,.6504064,.9223966
4,3.55,2,.82836817,.6475609,.9216462
4,3.6,2,.82681182,.6447375,.9209006
4,3.65,2,.82526516,.6419358,.9201596
4,3.7,2,.82372805,.6391551,.9194233
4,3.75,2,.8222003,.6363953,.9186914
4,3.8,2,.82068174,.6336559,.917964
4,3.85,2,.81917223,.6309365,.9172409
4,3.9,2,.8176716,.6282367,.9165222
4,3.95,2,.81617972,.6255561,.9158078
4,4,2,.81469643,.6228945,.9150975
4,4.05,2,.81322158,.6202514,.9143915
4,4.1,2,.81175507,.6176266,.9136895
4,4.15,2,.81029673,.6150198,.9129915
4,4.2,2,.80884646,.6124306,.9122975
4,4.25,2,.80740411,.6098589,.9116074
4,4.3,2,.80596956,.6073042,.9109213
4,4.35,2,.80454272,.6047663,.9102389
4,4.4,2,.80312344,.602245,.9095603
4,4.45,2,.80171163,.5997401,.9088854
4,4.5,2,.80030716,.5972512,.9082142
4,4.55,2,.79890994,.5947781,.9075465
4,4.6,2,.79751987,.5923207,.9068825
4,4.65,2,.79613683,.5898786,.9062219
4,4.7,2,.79476074,.5874518,.9055649
4,4.75,2,.79339148,.5850399,.9049112
4,4.8,2,.79202897,.5826428,.904261
4,4.85,2,.79067313,.5802603,.9036141
4,4.9,2,.78932385,.5778921,.9029705
4,4.95,2,.78798106,.5755382,.9023301
4,5,2,.78664465,.5731982,.9016929
1,0,3,1,1,1
1,.05,3,.99015211,.9738753,.9963069
1,.1,3,.97122694,.9414955,.9859609
1,.15,3,.94890132,.9057707,.9725857
1,.2,3,.92548973,.8687915,.9582676
1,.25,3,.90213293,.8321729,.9438957
1,.3,3,.87942366,.7969565,.9298402
1,.35,3,.85766779,.7637187,.9162599
1,.4,3,.8370115,.7327164,.9032242
1,.45,3,.81750936,.7040061,.8907618
1,.5,3,.79916251,.677525,.8788819
1,.55,3,.78192407,.6531156,.867575
1,.6,3,.76569268,.6305296,.8568051
1,.65,3,.75036743,.6095362,.8465332
1,.7,3,.73585763,.5899383,.8367219
1,.75,3,.72208282,.5715703,.8273354
1,.8,3,.70897195,.5542932,.8183396
1,.85,3,.69646243,.53799,.8097026
1,.9,3,.68449916,.522562,.8013945
1,.95,3,.67303351,.5079254,.7933877
1,1,3,.66202257,.4940085,.7856569
1,1.05,3,.65142837,.4807495,.7781786
1,1.1,3,.64121715,.4680949,.7709317
1,1.15,3,.63135897,.4559977,.7638968
1,1.2,3,.621827,.4444166,.7570562
1,1.25,3,.61259735,.4333149,.7503941
1,1.3,3,.60364851,.4226596,.7438961
1,1.35,3,.59496112,.4124214,.737549
1,1.4,3,.58651781,.4025735,.7313413
1,1.45,3,.57830277,.3930915,.7252623
1,1.5,3,.57030176,.3839535,.7193025
1,1.55,3,.5625018,.375139,.7134534
1,1.6,3,.55489105,.3666294,.7077072
1,1.65,3,.54745922,.3584076,.7020577
1,1.7,3,.54019846,.3504591,.6965005
1,1.75,3,.5331019,.3427704,.6910326
1,1.8,3,.52616303,.3353288,.6856509
1,1.85,3,.51937577,.3281225,.6803527
1,1.9,3,.51273443,.3211401,.6751356
1,1.95,3,.50623359,.3143709,.6699972
1,2,3,.49986821,.3078053,.6649354
1,2.05,3,.49363349,.3014337,.6599483
1,2.1,3,.48752488,.2952473,.6550339
1,2.15,3,.48153806,.289238,.6501907
1,2.2,3,.47566904,.2833979,.6454167
1,2.25,3,.46991392,.2777198,.6407107
1,2.3,3,.46426903,.2721967,.6360708
1,2.35,3,.45873089,.2668222,.631496
1,2.4,3,.45329616,.2615901,.6269845
1,2.45,3,.44796173,.2564948,.6225353
1,2.5,3,.44272455,.2515307,.6181471
1,2.55,3,.43758176,.2466928,.6138185
1,2.6,3,.43253059,.2419763,.6095485
1,2.65,3,.42756841,.2373764,.6053358
1,2.7,3,.42269274,.232889,.6011795
1,2.75,3,.41790116,.2285099,.5970783
1,2.8,3,.41319136,.2242352,.5930312
1,2.85,3,.40856113,.2200613,.5890373
1,2.9,3,.40400832,.2159846,.5850955
1,2.95,3,.39953094,.2120019,.5812048
1,3,3,.39512702,.20811,.5773643
1,3.05,3,.39079467,.2043059,.5735731
1,3.1,3,.38653208,.2005867,.5698304
1,3.15,3,.38233749,.1969498,.566135
1,3.2,3,.37820927,.1933926,.5624864
1,3.25,3,.37414578,.1899126,.5588835
1,3.3,3,.37014545,.1865074,.5553256
1,3.35,3,.36620679,.1831749,.5518118
1,3.4,3,.36232834,.1799128,.5483415
1,3.45,3,.35850872,.1767191,.5449136
1,3.5,3,.35474657,.1735919,.5415277
1,3.55,3,.35104058,.1705292,.5381829
1,3.6,3,.34738949,.1675294,.5348784
1,3.65,3,.34379206,.1645906,.5316136
1,3.7,3,.34024714,.1617112,.5283877
1,3.75,3,.33675358,.1588896,.5252002
1,3.8,3,.33331026,.1561243,.5220502
1,3.85,3,.32991611,.1534138,.5189372
1,3.9,3,.32657008,.1507568,.5158604
1,3.95,3,.32327119,.1481518,.5128194
1,4,3,.32001845,.1455975,.5098134
1,4.05,3,.3168109,.1430927,.5068418
1,4.1,3,.31364766,.1406362,.5039042
1,4.15,3,.31052777,.1382268,.5009997
1,4.2,3,.30745044,.1358634,.498128
1,4.25,3,.30441475,.1335449,.4952884
1,4.3,3,.30141993,.1312702,.4924805
1,4.35,3,.2984652,.1290383,.4897035
1,4.4,3,.29554974,.1268482,.4869571
1,4.45,3,.29267284,.124699,.4842407
1,4.5,3,.28983372,.1225897,.4815538
1,4.55,3,.28703171,.1205195,.4788959
1,4.6,3,.28426612,.1184875,.4762666
1,4.65,3,.28153624,.1164928,.4736653
1,4.7,3,.27884147,.1145347,.4710915
1,4.75,3,.2761811,.1126123,.4685449
1,4.8,3,.27355454,.1107249,.4660249
1,4.85,3,.27096121,.1088717,.4635312
1,4.9,3,.26840048,.107052,.4610632
1,4.95,3,.2658718,.1052652,.4586207
1,5,3,.26337457,.1035104,.456203
2,0,3,1,1,1
2,.05,3,.9860152,.9622589,.9948577
2,.1,3,.9593051,.9152183,.9807053
2,.15,3,.92807788,.8637421,.9626815
2,.2,3,.895664,.8112872,.9435953
2,.25,3,.86366981,.7603099,.9246035
2,.3,3,.83289678,.7122446,.906174
2,.35,3,.80372921,.6677709,.888499
2,.4,3,.77632392,.6270877,.8716541
2,.45,3,.75071103,.5901159,.855662
2,.5,3,.72685017,.5566293,.8405201
2,.55,3,.70464095,.526299,.8262013
2,.6,3,.68391758,.4987106,.8126439
2,.65,3,.66452091,.4734936,.7997852
2,.7,3,.64631009,.4503371,.7875661
2,.75,3,.62916169,.4289819,.7759315
2,.8,3,.61296785,.4092115,.7648306
2,.85,3,.5976344,.3908448,.7542167
2,.9,3,.58307907,.3737289,.7440467
2,.95,3,.5692298,.3577344,.7342818
2,1,3,.55602339,.3427506,.7248862
2,1.05,3,.5434042,.3286823,.7158282
2,1.1,3,.53132308,.3154467,.7070785
2,1.15,3,.5197366,.3029718,.6986111
2,1.2,3,.50860605,.2911941,.6904023
2,1.25,3,.49789708,.2800575,.6824312
2,1.3,3,.48757888,.269512,.6746785
2,1.35,3,.47762386,.259513,.6671271
2,1.4,3,.46800727,.2500204,.6597618
2,1.45,3,.45870671,.240998,.6525687
2,1.5,3,.44970203,.232413,.6455354
2,1.55,3,.44097491,.2242357,.6386508
2,1.6,3,.43250869,.2164388,.631905
2,1.65,3,.42428877,.2089978,.6252895
2,1.7,3,.41630351,.2018911,.6187988
2,1.75,3,.40854259,.195099,.6124284
2,1.8,3,.40099627,.1886031,.6061741
2,1.85,3,.39365544,.1823862,.6000321
2,1.9,3,.3865116,.1764325,.5939989
2,1.95,3,.37955671,.1707271,.5880711
2,2,3,.37278325,.1652565,.5822458
2,2.05,3,.3661841,.1600076,.57652
2,2.1,3,.35975254,.1549686,.570891
2,2.15,3,.3534822,.1501284,.5653562
2,2.2,3,.34736717,.1454767,.5599133
2,2.25,3,.34140172,.1410036,.5545599
2,2.3,3,.33558048,.1367003,.5492938
2,2.35,3,.32989835,.1325582,.5441128
2,2.4,3,.32435046,.1285693,.539015
2,2.45,3,.31893225,.1247264,.5339984
2,2.5,3,.3136393,.1210224,.5290611
2,2.55,3,.30846746,.1174508,.5242014
2,2.6,3,.30341273,.1140055,.5194175
2,2.65,3,.29847131,.1106808,.5147076
2,2.7,3,.29363961,.1074711,.5100702
2,2.75,3,.28891415,.1043715,.5055038
2,2.8,3,.28429163,.101377,.5010067
2,2.85,3,.27976887,.0984833,.4965774
2,2.9,3,.27534284,.0956859,.4922146
2,2.95,3,.27101067,.0929809,.4879169
2,3,3,.26676956,.0903644,.4836828
2,3.05,3,.26261683,.0878328,.4795111
2,3.1,3,.25854995,.0853826,.4754004
2,3.15,3,.25456642,.0830107,.4713495
2,3.2,3,.25066392,.080714,.4673572
2,3.25,3,.24684017,.0784894,.4634224
2,3.3,3,.24309299,.0763343,.4595437
2,3.35,3,.23942027,.074246,.4557202
2,3.4,3,.23581998,.072222,.4519506
2,3.45,3,.23229021,.0702599,.448234
2,3.5,3,.22882906,.0683575,.4445693
2,3.55,3,.22543472,.0665124,.4409553
2,3.6,3,.22210546,.0647228,.4373913
2,3.65,3,.21883958,.0629866,.4338761
2,3.7,3,.21563548,.0613019,.4304088
2,3.75,3,.21249158,.0596669,.4269885
2,3.8,3,.20940637,.0580799,.4236143
2,3.85,3,.20637838,.0565392,.4202853
2,3.9,3,.2034062,.0550434,.4170005
2,3.95,3,.20048847,.0535907,.4137593
2,4,3,.19762387,.0521799,.4105607
2,4.05,3,.19481109,.0508095,.4074039
2,4.1,3,.19204895,.0494782,.4042882
2,4.15,3,.18933618,.0481848,.4012128
2,4.2,3,.18667169,.0469279,.3981769
2,4.25,3,.18405429,.0457064,.3951797
2,4.3,3,.18148291,.0445192,.3922207
2,4.35,3,.17895653,.0433652,.389299
2,4.4,3,.17647408,.0422433,.3864139
2,4.45,3,.17403459,.0411525,.3835649
2,4.5,3,.17163707,.040092,.3807511
2,4.55,3,.1692806,.0390606,.3779721
2,4.6,3,.16696429,.0380576,.3752272
2,4.65,3,.16468722,.0370821,.3725156
2,4.7,3,.16244856,.0361332,.369837
2,4.75,3,.16024745,.0352102,.3671905
2,4.8,3,.1580831,.0343122,.3645758
2,4.85,3,.15595474,.0334385,.3619922
2,4.9,3,.15386156,.0325883,.3594391
2,4.95,3,.15180286,.0317611,.3569161
2,5,3,.14977789,.0309561,.3544226
3,0,3,1,1,1
3,.05,3,.98956012,.9717528,.9961635
3,.1,3,.96951498,.9364762,.9855021
3,.15,3,.9458985,.8975814,.9717753
3,.2,3,.92116932,.8574773,.9570982
3,.25,3,.89653565,.8179475,.9423694
3,.3,3,.87262184,.7801039,.9279667
3,.35,3,.84974696,.7445384,.9140548
3,.4,3,.82806063,.7114965,.9007066
3,.45,3,.80761565,.6810102,.8879528
3,.5,3,.7884087,.6529884,.8758028
3,.55,3,.77038637,.6272431,.8642465
3,.6,3,.75343881,.603495,.8532463
3,.65,3,.73745727,.5814869,.8427618
3,.7,3,.72234427,.5610007,.8327541
3,.75,3,.70801347,.5418532,.823186
3,.8,3,.69438873,.5238908,.8140221
3,.85,3,.6814031,.5069847,.8052294
3,.9,3,.66899768,.4910261,.7967773
3,.95,3,.65712056,.4759227,.7886372
3,1,3,.64572598,.4615956,.7807831
3,1.05,3,.63477345,.447977,.7731909
3,1.1,3,.62422704,.4350078,.7658389
3,1.15,3,.61405488,.4226365,.7587072
3,1.2,3,.60422845,.4108177,.7517778
3,1.25,3,.59472234,.3995111,.7450343
3,1.3,3,.5855137,.3886808,.738462
3,1.35,3,.576582,.3782946,.7320476
3,1.4,3,.56790879,.3683233,.7257789
3,1.45,3,.5594773,.3587404,.7196452
3,1.5,3,.55127245,.3495221,.7136367
3,1.55,3,.54328044,.3406461,.7077445
3,1.6,3,.53548876,.3320922,.7019609
3,1.65,3,.52788649,.3238423,.6962789
3,1.7,3,.52046523,.3158807,.6906945
3,1.75,3,.51321761,.3081929,.6852039
3,1.8,3,.50613669,.3007655,.6798038
3,1.85,3,.49921593,.2935857,.6744915
3,1.9,3,.49244924,.2866415,.669264
3,1.95,3,.48583085,.2799216,.6641188
3,2,3,.47935533,.2734156,.6590537
3,2.05,3,.47301755,.2671134,.6540664
3,2.1,3,.46681267,.2610058,.6491548
3,2.15,3,.46073606,.2550839,.6443171
3,2.2,3,.45478343,.2493396,.6395513
3,2.25,3,.44895064,.2437651,.6348557
3,2.3,3,.44323376,.238353,.6302288
3,2.35,3,.43762907,.2330966,.6256688
3,2.4,3,.432133,.2279894,.6211742
3,2.45,3,.42674224,.2230252,.6167436
3,2.5,3,.42145353,.2181983,.6123757
3,2.55,3,.41626381,.2135033,.6080689
3,2.6,3,.41117014,.2089351,.6038222
3,2.65,3,.4061697,.2044886,.5996341
3,2.7,3,.40125986,.2001595,.5955035
3,2.75,3,.39643803,.1959433,.5914292
3,2.8,3,.39170175,.191836,.58741
3,2.85,3,.38704866,.1878335,.5834449
3,2.9,3,.38247648,.1839321,.5795327
3,2.95,3,.3779831,.1801285,.5756724
3,3,3,.37356639,.1764192,.5718631
3,3.05,3,.36922437,.172801,.5681036
3,3.1,3,.3649551,.1692709,.564393
3,3.15,3,.36075672,.165826,.5607305
3,3.2,3,.35662748,.1624635,.5571149
3,3.25,3,.35256564,.1591809,.5535455
3,3.3,3,.34856955,.1559756,.5500215
3,3.35,3,.34463761,.1528452,.5465418
3,3.4,3,.34076827,.1497874,.5431057
3,3.45,3,.33696007,.1468,.5397123
3,3.5,3,.33321156,.143881,.536361
3,3.55,3,.32952136,.1410283,.5330508
3,3.6,3,.32588812,.13824,.529781
3,3.65,3,.32231054,.1355142,.5265509
3,3.7,3,.31878739,.1328492,.5233598
3,3.75,3,.31531745,.1302433,.5202069
3,3.8,3,.31189955,.1276948,.5170916
3,3.85,3,.30853254,.1252021,.5140131
3,3.9,3,.30521531,.1227638,.5109708
3,3.95,3,.30194682,.1203784,.507964
3,4,3,.29872604,.1180445,.5049921
3,4.05,3,.29555193,.1157607,.5020545
3,4.1,3,.29242357,.1135257,.4991505
3,4.15,3,.28933996,.1113382,.4962797
3,4.2,3,.28630024,.1091972,.4934413
3,4.25,3,.28330346,.1071012,.4906347
3,4.3,3,.28034878,.1050493,.4878595
3,4.35,3,.2774354,.1030404,.4851152
3,4.4,3,.27456244,.1010734,.4824011
3,4.45,3,.27172917,.0991472,.4797167
3,4.5,3,.26893476,.0972609,.4770615
3,4.55,3,.26617848,.0954134,.474435
3,4.6,3,.26345963,.093604,.4718368
3,4.65,3,.26077745,.0918316,.4692663
3,4.7,3,.2581313,.0900955,.4667231
3,4.75,3,.25552045,.0883946,.4642066
3,4.8,3,.25294428,.0867284,.4617164
3,4.85,3,.25040217,.0850958,.4592522
3,4.9,3,.24789344,.0834962,.4568135
3,4.95,3,.24541754,.0819288,.4543998
3,5,3,.24297383,.0803929,.4520107
4,0,3,1,1,1
4,.05,3,.99145279,.9764478,.9969132
4,.1,3,.97499541,.9469149,.9883131
4,.15,3,.95552615,.9143272,.9771578
4,.2,3,.93504446,.8806707,.9651259
4,.25,3,.91454208,.8473932,.9529506
4,.3,3,.8945405,.8154026,.9409544
4,.35,3,.87531429,.785195,.9292866
4,.4,3,.85699986,.75699,.9180194
4,.45,3,.83965364,.7308348,.9071885
4,.5,3,.82328483,.7066741,.8968111
4,.55,3,.80785946,.6843668,.8868872
4,.6,3,.79329395,.6636848,.8773943
4,.65,3,.77950394,.644416,.8683062
4,.7,3,.76641323,.6263804,.8595967
4,.75,3,.75395392,.6094269,.85124
4,.8,3,.74206582,.5934293,.8432108
4,.85,3,.73069578,.5782818,.835485
4,.9,3,.71979687,.5638955,.8280396
4,.95,3,.70932757,.5501955,.8208531
4,1,3,.69925118,.537118,.8139052
4,1.05,3,.68953515,.5246083,.8071773
4,1.1,3,.6801505,.5126193,.8006521
4,1.15,3,.67107149,.50111,.7943138
4,1.2,3,.66227502,.4900445,.7881479
4,1.25,3,.65374047,.479391,.7821409
4,1.3,3,.64544928,.4691213,.7762809
4,1.35,3,.63738472,.4592102,.7705569
4,1.4,3,.62953176,.4496348,.7649587
4,1.45,3,.62187671,.4403746,.7594776
4,1.5,3,.61440723,.4314108,.754105
4,1.55,3,.60711204,.4227263,.7488338
4,1.6,3,.59998087,.4143052,.7436572
4,1.65,3,.59300482,.4061335,.7385694
4,1.7,3,.58617721,.3981996,.7335668
4,1.75,3,.57949222,.390493,.7286459
4,1.8,3,.57294436,.3830036,.723804
4,1.85,3,.56652848,.3757219,.7190383
4,1.9,3,.56023976,.368639,.7143465
4,1.95,3,.55407361,.3617463,.7097263
4,2,3,.54802575,.3550358,.7051756
4,2.05,3,.54209212,.3484999,.7006925
4,2.1,3,.53626887,.3421314,.6962751
4,2.15,3,.53055233,.3359236,.6919217
4,2.2,3,.52493911,.3298699,.6876308
4,2.25,3,.51942589,.3239644,.6834007
4,2.3,3,.51400956,.3182015,.67923
4,2.35,3,.50868717,.3125755,.6751174
4,2.4,3,.50345586,.3070815,.6710615
4,2.45,3,.498313,.3017145,.667061
4,2.5,3,.493256,.2964702,.6631147
4,2.55,3,.4882824,.291344,.6592215
4,2.6,3,.48338987,.2863319,.6553802
4,2.65,3,.47857614,.2814299,.6515897
4,2.7,3,.47383911,.2766344,.647849
4,2.75,3,.46917671,.2719419,.644157
4,2.8,3,.46458697,.2673491,.6405128
4,2.85,3,.460068,.2628527,.6369153
4,2.9,3,.45561797,.2584497,.6333637
4,2.95,3,.45123518,.2541372,.629857
4,3,3,.44691792,.2499127,.6263943
4,3.05,3,.4426646,.2457733,.6229749
4,3.1,3,.43847366,.2417166,.6195979
4,3.15,3,.43434359,.2377403,.6162623
4,3.2,3,.43027299,.233842,.6129676
4,3.25,3,.42626045,.2300197,.6097127
4,3.3,3,.42230464,.2262711,.6064971
4,3.35,3,.41840427,.2225944,.60332
4,3.4,3,.41455807,.2189875,.6001806
4,3.45,3,.41076489,.2154487,.5970783
4,3.5,3,.40702352,.2119763,.5940123
4,3.55,3,.40333286,.2085685,.5909819
4,3.6,3,.39969182,.2052236,.5879866
4,3.65,3,.39609931,.2019403,.5850257
4,3.7,3,.39255437,.1987168,.5820984
4,3.75,3,.38905599,.1955519,.5792044
4,3.8,3,.3856032,.1924441,.5763428
4,3.85,3,.38219509,.1893921,.5735132
4,3.9,3,.37883075,.1863946,.570715
4,3.95,3,.37550932,.1834503,.5679474
4,4,3,.37222995,.180558,.5652102
4,4.05,3,.3689918,.1777166,.5625027
4,4.1,3,.36579412,.174925,.5598243
4,4.15,3,.36263608,.1721819,.5571746
4,4.2,3,.35951699,.1694865,.5545531
4,4.25,3,.35643605,.1668377,.5519592
4,4.3,3,.35339259,.1642345,.5493924
4,4.35,3,.35038594,.1616759,.5468524
4,4.4,3,.34741537,.159161,.5443385
4,4.45,3,.34448028,.1566889,.5418505
4,4.5,3,.34157999,.1542588,.5393878
4,4.55,3,.3387139,.1518697,.5369499
4,4.6,3,.33588143,.1495209,.5345366
4,4.65,3,.33308194,.1472115,.5321473
4,4.7,3,.33031491,.1449408,.5297816
4,4.75,3,.32757974,.1427081,.5274391
4,4.8,3,.3248759,.1405125,.5251195
4,4.85,3,.32220288,.1383533,.5228224
4,4.9,3,.31956013,.13623,.5205473
4,4.95,3,.31694717,.1341417,.518294
4,5,3,.31436348,.1320878,.516062
